{"accuracy": 0.8540245566166439, "precision": 0.38387096774193546, "recall": 0.8380281690140845, "f1_score": 0.5265486725663717, "auc": 0.9149238330283818, "confusion_matrix": [[1133, 191], [23, 119]]}